﻿<?xml version="1.0" encoding="utf-8" standalone="yes" ?>
<Window size="890,590" sizebox="4,4,4,4" caption="0,0,0,0" mininfo="890,590">
    <Font name="微软雅黑" id="0" size="13" bold="false" italic="false" Underline="false" default="true" />
    <Font name="微软雅黑" id="1" size="16" bold="false" italic="false" />
    <Container bordersize="1" enabled="true" width="890" height="590">
		<TabLayout name="tabMain" enabled="true">
			<VerticalLayout enabled="true" bkimage="LoginDlg/login_bg.png">
				<Edit name="EditUserName" float="true" pos="366,385,0,0" enabled="true" width="232" height="27" bkcolor="#FFFFFFFF" textpadding="4,3,4,3" textcolor="#FF000000" disabledtextcolor="#FFA7A6AA" font="1" />
				<Edit name="EditPassword" float="true" pos="366,437,0,0" enabled="true" width="232" height="27" bkcolor="#FFFFFFFF" textpadding="4,3,4,3" textcolor="#FF000000" disabledtextcolor="#FFA7A6AA" font="1" password="true" />
				<Button name="ButtonRemember" float="true" pos="275,491,0,0" enabled="true" width="147" height="17" textcolor="#FF000000" disabledtextcolor="#FFA7A6AA" align="center" normalimage="LoginDlg/unchecked.png" />
				<Button name="ButtonRemembered" float="true" pos="275,491,0,0" enabled="true" width="147" height="17" textcolor="#FF000000" disabledtextcolor="#FFA7A6AA" align="center" normalimage="LoginDlg/checked.png" />
				<Button name="ButtonAuto" float="true" pos="275,512,0,0" enabled="true" width="175" height="17" textcolor="#FF000000" disabledtextcolor="#FFA7A6AA" align="center" normalimage="LoginDlg/auto_checked.png" />
				<Button name="ButtonAutoed" float="true" pos="275,512,0,0" enabled="true" width="175" height="17" textcolor="#FF000000" disabledtextcolor="#FFA7A6AA" align="center" normalimage="LoginDlg/auto_unchecked.png" />
				<Button name="ButtonForget" text="{a}忘记密码？{/a}"  float="true" pos="533,489,0,0" enabled="true" width="70" height="17" textpadding="2,0,2,0" textcolor="#002AA1F6" disabledtextcolor="#FFA7A6AA" font="0" showhtml="true"/>
				<Button name="ButtonCancle" float="true" pos="460,540,0,0" enabled="true" width="99" height="32" textcolor="#FF000000" disabledtextcolor="#FFA7A6AA" align="center" normalimage="LoginDlg/cancle_btn_n.png" hotimage="LoginDlg/cancle_btn_h.png" />
				<Button name="ButtonLogin" float="true" pos="329,540,0,0" enabled="true" width="99" height="32" textcolor="#FF000000" disabledtextcolor="#FFA7A6AA" align="center" normalimage="LoginDlg/login_btn_n.png" hotimage="LoginDlg/login_btn_h.png" disabledimage="LoginDlg/login_btn_dis.png" />
				<Label name="labMsg" text="  客户端正在运行，不能同时打开多个客户端" float="true" pos="0,573,0,0" enabled="true" width="890" height="17" bkcolor="#FFF9F5D5" textcolor="#FF000000" disabledtextcolor="#FFA7A6AA" visible="false" />
			</VerticalLayout>
			<VerticalLayout enabled="true" bkimage="LoginDlg/cfg_bg.png">
				<Edit name="EditServerAddr" float="true" pos="405,431,0,0" enabled="false" width="232" height="27" bkcolor="#FFFFFFFF" textpadding="4,3,4,3" textcolor="#FF000000" disabledtextcolor="#FFA7A6AA" font="1" />
				<Button name="ButtonSetCancle" float="true" pos="460,540,0,0" enabled="true" width="99" height="32" textcolor="#FF000000" disabledtextcolor="#FFA7A6AA" align="center" normalimage="LoginDlg/cfg_cancle_n.png" hotimage="LoginDlg/cfg_cancle_h.png" />
				<Button name="ButtonSetOK" float="true" pos="329,540,0,0" enabled="true" width="99" height="32" textcolor="#FF000000" disabledtextcolor="#FFA7A6AA" align="center" normalimage="LoginDlg/cfg_ok_n.png" hotimage="LoginDlg/cfg_ok_h.png" />
			</VerticalLayout>
		</TabLayout>
		<Button name="ButtonSet" float="true" pos="750,11,0,0" enabled="true" width="36" height="36" textcolor="#FF000000" disabledtextcolor="#FFA7A6AA" align="center" normalimage="LoginDlg/set_btn_n.png" hotimage="LoginDlg/set_btn_h.png" />
		<Button name="ButtonClose" float="true" pos="835,11,0,0" enabled="true" width="36" height="36" textcolor="#FF000000" disabledtextcolor="#FFA7A6AA" align="center" normalimage="LoginDlg/close_btn_n.png" hotimage="LoginDlg/close_btn_h.png" />
		<Button name="ButtonMin" float="true" pos="792,10,0,0" enabled="true" width="36" height="36" textcolor="#FF000000" disabledtextcolor="#FFA7A6AA" align="center" normalimage="LoginDlg/min_btn_n.png" hotimage="LoginDlg/min_btn_h.png" />
		<!-- <Button name="ButtonQQ" float="true" pos="728,530,0,0" enabled="true" width="48" height="48" textcolor="#FF000000" disabledtextcolor="#FFA7A6AA" align="center" normalimage="LoginDlg/qq_btn_n.png" hotimage="LoginDlg/qq_btn_h.png" />
		<Button name="ButtonWeiXin" float="true" pos="776,530,0,0" enabled="true" width="48" height="48" textcolor="#FF000000" disabledtextcolor="#FFA7A6AA" align="center" normalimage="LoginDlg/weixin_btn_n.png" hotimage="LoginDlg/weixin_btn_h.png" />
		<Button name="ButtonErWei" float="true" pos="824,530,0,0" enabled="true" width="48" height="48" textcolor="#FF000000" disabledtextcolor="#FFA7A6AA" align="center" normalimage="LoginDlg/erwei_btn_n.png" hotimage="LoginDlg/erwei_btn_h.png" /> -->
    </Container>
</Window>

		